{
  "2012 QTR1": "https://www.sec.gov/Archives/edgar/full-index/2012/QTR1/",
  "2012 QTR2": "https://www.sec.gov/Archives/edgar/full-index/2012/QTR2/",
  "2012 QTR3": "https://www.sec.gov/Archives/edgar/full-index/2012/QTR3/",
  "2012 QTR4": "https://www.sec.gov/Archives/edgar/full-index/2012/QTR4/",
  "2013 QTR1": "https://www.sec.gov/Archives/edgar/full-index/2013/QTR1/",
  "2013 QTR2": "https://www.sec.gov/Archives/edgar/full-index/2013/QTR2/",
  "2013 QTR3": "https://www.sec.gov/Archives/edgar/full-index/2013/QTR3/",
  "2013 QTR4": "https://www.sec.gov/Archives/edgar/full-index/2013/QTR4/",
  "2014 QTR1": "https://www.sec.gov/Archives/edgar/full-index/2014/QTR1/",
  "2014 QTR2": "https://www.sec.gov/Archives/edgar/full-index/2014/QTR2/",
  "2014 QTR3": "https://www.sec.gov/Archives/edgar/full-index/2014/QTR3/",
  "2014 QTR4": "https://www.sec.gov/Archives/edgar/full-index/2014/QTR4/",
  "2015 QTR1": "https://www.sec.gov/Archives/edgar/full-index/2015/QTR1/",
  "2015 QTR2": "https://www.sec.gov/Archives/edgar/full-index/2015/QTR2/",
  "2015 QTR3": "https://www.sec.gov/Archives/edgar/full-index/2015/QTR3/",
  "2015 QTR4": "https://www.sec.gov/Archives/edgar/full-index/2015/QTR4/",
  "2016 QTR1": "https://www.sec.gov/Archives/edgar/full-index/2016/QTR1/",
  "2016 QTR2": "https://www.sec.gov/Archives/edgar/full-index/2016/QTR2/",
  "2016 QTR3": "https://www.sec.gov/Archives/edgar/full-index/2016/QTR3/",
  "2016 QTR4": "https://www.sec.gov/Archives/edgar/full-index/2016/QTR4/",
  "2017 QTR1": "https://www.sec.gov/Archives/edgar/full-index/2017/QTR1/",
  "2017 QTR2": "https://www.sec.gov/Archives/edgar/full-index/2017/QTR2/",
  "2017 QTR3": "https://www.sec.gov/Archives/edgar/full-index/2017/QTR3/",
  "2017 QTR4": "https://www.sec.gov/Archives/edgar/full-index/2017/QTR4/",
  "2018 QTR1": "https://www.sec.gov/Archives/edgar/full-index/2018/QTR1/",
  "2018 QTR2": "https://www.sec.gov/Archives/edgar/full-index/2018/QTR2/",
  "2018 QTR3": "https://www.sec.gov/Archives/edgar/full-index/2018/QTR3/",
  "2018 QTR4": "https://www.sec.gov/Archives/edgar/full-index/2018/QTR4/",
  "2019 QTR1": "https://www.sec.gov/Archives/edgar/full-index/2019/QTR1/",
  "2019 QTR2": "https://www.sec.gov/Archives/edgar/full-index/2019/QTR2/",
  "2019 QTR3": "https://www.sec.gov/Archives/edgar/full-index/2019/QTR3/",
  "2019 QTR4": "https://www.sec.gov/Archives/edgar/full-index/2019/QTR4/",
  "2020 QTR1": "https://www.sec.gov/Archives/edgar/full-index/2020/QTR1/",
  "2020 QTR2": "https://www.sec.gov/Archives/edgar/full-index/2020/QTR2/",
  "2020 QTR3": "https://www.sec.gov/Archives/edgar/full-index/2020/QTR3/",
  "2020 QTR4": "https://www.sec.gov/Archives/edgar/full-index/2020/QTR4/",
  "2021 QTR1": "https://www.sec.gov/Archives/edgar/full-index/2021/QTR1/"
}